{"region_1": {"pmin": [0.0, 0.0, 0.0], "pmax": [2.2e-08, 3.2e-08, 7e-08], "dims": ["x", "y", "z"], "units": ["m", "m", "m"], "tolerance_factor": 1e-12}, "region_2": {"pmin": [2.4e-08, 0.0, 0.0], "pmax": [4.5999999999999995e-08, 3.2e-08, 7e-08], "dims": ["x", "y", "z"], "units": ["m", "m", "m"], "tolerance_factor": 1e-12}, "region_3": {"pmin": [0.0, 3.4e-08, 0.0], "pmax": [2.2e-08, 6.600000000000001e-08, 7e-08], "dims": ["x", "y", "z"], "units": ["m", "m", "m"], "tolerance_factor": 1e-12}, "region_4": {"pmin": [2.4e-08, 3.4e-08, 0.0], "pmax": [4.5999999999999995e-08, 6.600000000000001e-08, 7e-08], "dims": ["x", "y", "z"], "units": ["m", "m", "m"], "tolerance_factor": 1e-12}, "region_5": {"pmin": [0.0, 6.8e-08, 0.0], "pmax": [2.2e-08, 1.0000000000000001e-07, 7e-08], "dims": ["x", "y", "z"], "units": ["m", "m", "m"], "tolerance_factor": 1e-12}, "region_6": {"pmin": [2.4e-08, 6.8e-08, 0.0], "pmax": [4.5999999999999995e-08, 1.0000000000000001e-07, 7e-08], "dims": ["x", "y", "z"], "units": ["m", "m", "m"], "tolerance_factor": 1e-12}, "region_7": {"pmin": [0.0, 1.0200000000000001e-07, 0.0], "pmax": [2.2e-08, 1.34e-07, 7e-08], "dims": ["x", "y", "z"], "units": ["m", "m", "m"], "tolerance_factor": 1e-12}, "region_8": {"pmin": [2.4e-08, 1.0200000000000001e-07, 0.0], "pmax": [4.5999999999999995e-08, 1.34e-07, 7e-08], "dims": ["x", "y", "z"], "units": ["m", "m", "m"], "tolerance_factor": 1e-12}, "region_9": {"pmin": [0.0, 1.36e-07, 0.0], "pmax": [2.2e-08, 1.68e-07, 7e-08], "dims": ["x", "y", "z"], "units": ["m", "m", "m"], "tolerance_factor": 1e-12}, "region_10": {"pmin": [2.4e-08, 1.36e-07, 0.0], "pmax": [4.5999999999999995e-08, 1.68e-07, 7e-08], "dims": ["x", "y", "z"], "units": ["m", "m", "m"], "tolerance_factor": 1e-12}, "region_11": {"pmin": [0.0, 1.7000000000000001e-07, 0.0], "pmax": [2.2e-08, 2.0200000000000004e-07, 7e-08], "dims": ["x", "y", "z"], "units": ["m", "m", "m"], "tolerance_factor": 1e-12}, "region_12": {"pmin": [2.4e-08, 1.7000000000000001e-07, 0.0], "pmax": [4.5999999999999995e-08, 2.0200000000000004e-07, 7e-08], "dims": ["x", "y", "z"], "units": ["m", "m", "m"], "tolerance_factor": 1e-12}, "interspace": {"pmin": [0.0, 0.0, 0.0], "pmax": [4.5999999999999995e-08, 2.0200000000000004e-07, 3.42e-07], "dims": ["x", "y", "z"], "units": ["m", "m", "m"], "tolerance_factor": 1e-12}}